INSERT INTO grupo(ID_Grupo, Nombre) values(1, "grupo 1");
INSERT INTO usuario(RUT, Nombre, Perfil, Contraseña, Email) values(23901596, "Alberto Rivera", "Estudiante", "23368750", "23901596@outlook.com");
INSERT INTO contiene(ID_Grupo, RUT) values(1, 23901596);
INSERT INTO usuario(RUT, Nombre, Perfil, Contraseña, Email) values(23292952, "Sonia Sánchez", "Estudiante", "82429321", "23292952@outlook.com");
INSERT INTO contiene(ID_Grupo, RUT) values(1, 23292952);
INSERT INTO usuario(RUT, Nombre, Perfil, Contraseña, Email) values(23900949, "Ricardo Hernández", "Estudiante", "56545361", "23900949@outlook.com");
INSERT INTO contiene(ID_Grupo, RUT) values(1, 23900949);
INSERT INTO usuario(RUT, Nombre, Perfil, Contraseña, Email) values(23971455, "Fabián Ramírez", "Estudiante", "95157102", "23971455@outlook.com");
INSERT INTO contiene(ID_Grupo, RUT) values(1, 23971455);
INSERT INTO usuario(RUT, Nombre, Perfil, Contraseña, Email) values(23996890, "Karla Hernández", "Estudiante", "42221162", "23996890@outlook.com");
INSERT INTO contiene(ID_Grupo, RUT) values(1, 23996890);
INSERT INTO usuario(RUT, Nombre, Perfil, Contraseña, Email) values(23833037, "Valentina García", "Estudiante", "28682939", "23833037@outlook.com");
INSERT INTO contiene(ID_Grupo, RUT) values(1, 23833037);
INSERT INTO usuario(RUT, Nombre, Perfil, Contraseña, Email) values(23918766, "Valentina Morales", "Estudiante", "43919896", "23918766@outlook.com");
INSERT INTO contiene(ID_Grupo, RUT) values(1, 23918766);
INSERT INTO usuario(RUT, Nombre, Perfil, Contraseña, Email) values(23322627, "Mariana López", "Estudiante", "40599570", "23322627@outlook.com");
INSERT INTO contiene(ID_Grupo, RUT) values(1, 23322627);
INSERT INTO usuario(RUT, Nombre, Perfil, Contraseña, Email) values(23540590, "Alberto Gómez", "Estudiante", "15536412", "23540590@outlook.com");
INSERT INTO contiene(ID_Grupo, RUT) values(1, 23540590);
INSERT INTO usuario(RUT, Nombre, Perfil, Contraseña, Email) values(23065259, "Mateo Morales", "Estudiante", "45549930", "23065259@outlook.com");
INSERT INTO contiene(ID_Grupo, RUT) values(1, 23065259);
INSERT INTO usuario(RUT, Nombre, Perfil, Contraseña, Email) values(23041153, "Alberto Hernández", "Estudiante", "75683728", "23041153@outlook.com");
INSERT INTO contiene(ID_Grupo, RUT) values(1, 23041153);
INSERT INTO usuario(RUT, Nombre, Perfil, Contraseña, Email) values(23004690, "Bárbara Ortiz", "Estudiante", "72610279", "23004690@outlook.com");
INSERT INTO contiene(ID_Grupo, RUT) values(1, 23004690);
INSERT INTO usuario(RUT, Nombre, Perfil, Contraseña, Email) values(23501731, "Camila Sánchez", "Estudiante", "51899494", "23501731@outlook.com");
INSERT INTO contiene(ID_Grupo, RUT) values(1, 23501731);
INSERT INTO usuario(RUT, Nombre, Perfil, Contraseña, Email) values(23601887, "Víctor García", "Estudiante", "87770967", "23601887@outlook.com");
INSERT INTO contiene(ID_Grupo, RUT) values(1, 23601887);
INSERT INTO usuario(RUT, Nombre, Perfil, Contraseña, Email) values(23355155, "Karla López", "Estudiante", "31897227", "23355155@outlook.com");
INSERT INTO contiene(ID_Grupo, RUT) values(1, 23355155);
INSERT INTO usuario(RUT, Nombre, Perfil, Contraseña, Email) values(13417677, "Rafael Gómez", "Docente", "13608060", "13417677@outlook.com");
INSERT INTO contiene(ID_Grupo, RUT) values(1, 13417677);
INSERT INTO grupo(ID_Grupo, Nombre) values(2, "grupo 2");
INSERT INTO usuario(RUT, Nombre, Perfil, Contraseña, Email) values(23331665, "Sonia Flores", "Estudiante", "36130821", "23331665@outlook.com");
INSERT INTO contiene(ID_Grupo, RUT) values(2, 23331665);
INSERT INTO usuario(RUT, Nombre, Perfil, Contraseña, Email) values(23006322, "Lucas Ortiz", "Estudiante", "54805792", "23006322@outlook.com");
INSERT INTO contiene(ID_Grupo, RUT) values(2, 23006322);
INSERT INTO usuario(RUT, Nombre, Perfil, Contraseña, Email) values(23766466, "Abigail Cruz", "Estudiante", "92812189", "23766466@outlook.com");
INSERT INTO contiene(ID_Grupo, RUT) values(2, 23766466);
INSERT INTO usuario(RUT, Nombre, Perfil, Contraseña, Email) values(23134676, "Isidora Hernández", "Estudiante", "72253062", "23134676@outlook.com");
INSERT INTO contiene(ID_Grupo, RUT) values(2, 23134676);
INSERT INTO usuario(RUT, Nombre, Perfil, Contraseña, Email) values(23548643, "Alberto Rodríguez", "Estudiante", "49009023", "23548643@outlook.com");
INSERT INTO contiene(ID_Grupo, RUT) values(2, 23548643);
INSERT INTO usuario(RUT, Nombre, Perfil, Contraseña, Email) values(23335469, "Luz Rivera", "Estudiante", "63110887", "23335469@outlook.com");
INSERT INTO contiene(ID_Grupo, RUT) values(2, 23335469);
INSERT INTO usuario(RUT, Nombre, Perfil, Contraseña, Email) values(23586637, "Bárbara Torres", "Estudiante", "59399706", "23586637@outlook.com");
INSERT INTO contiene(ID_Grupo, RUT) values(2, 23586637);
INSERT INTO usuario(RUT, Nombre, Perfil, Contraseña, Email) values(23809031, "Bárbara Martínez", "Estudiante", "80114052", "23809031@outlook.com");
INSERT INTO contiene(ID_Grupo, RUT) values(2, 23809031);
INSERT INTO usuario(RUT, Nombre, Perfil, Contraseña, Email) values(23102184, "Juan Torres", "Estudiante", "13440960", "23102184@outlook.com");
INSERT INTO contiene(ID_Grupo, RUT) values(2, 23102184);
INSERT INTO usuario(RUT, Nombre, Perfil, Contraseña, Email) values(23859383, "Abril Rivera", "Estudiante", "83768059", "23859383@outlook.com");
INSERT INTO contiene(ID_Grupo, RUT) values(2, 23859383);
INSERT INTO usuario(RUT, Nombre, Perfil, Contraseña, Email) values(23940979, "Bárbara Rodríguez", "Estudiante", "43526763", "23940979@outlook.com");
INSERT INTO contiene(ID_Grupo, RUT) values(2, 23940979);
INSERT INTO usuario(RUT, Nombre, Perfil, Contraseña, Email) values(23323214, "Mariana Torres", "Estudiante", "18552886", "23323214@outlook.com");
INSERT INTO contiene(ID_Grupo, RUT) values(2, 23323214);
INSERT INTO usuario(RUT, Nombre, Perfil, Contraseña, Email) values(23105978, "Alberto Hernández", "Estudiante", "77803973", "23105978@outlook.com");
INSERT INTO contiene(ID_Grupo, RUT) values(2, 23105978);
INSERT INTO usuario(RUT, Nombre, Perfil, Contraseña, Email) values(23402270, "Rafael González", "Estudiante", "18275115", "23402270@outlook.com");
INSERT INTO contiene(ID_Grupo, RUT) values(2, 23402270);
INSERT INTO usuario(RUT, Nombre, Perfil, Contraseña, Email) values(23472979, "Bárbara Reyes", "Estudiante", "22569628", "23472979@outlook.com");
INSERT INTO contiene(ID_Grupo, RUT) values(2, 23472979);
INSERT INTO usuario(RUT, Nombre, Perfil, Contraseña, Email) values(23227728, "Camila Cruz", "Estudiante", "85266077", "23227728@outlook.com");
INSERT INTO contiene(ID_Grupo, RUT) values(2, 23227728);
INSERT INTO usuario(RUT, Nombre, Perfil, Contraseña, Email) values(12093787, "Abril Flores", "Docente", "95724283", "12093787@outlook.com");
INSERT INTO contiene(ID_Grupo, RUT) values(2, 12093787);
INSERT INTO grupo(ID_Grupo, Nombre) values(3, "grupo 3");
INSERT INTO usuario(RUT, Nombre, Perfil, Contraseña, Email) values(23576753, "Víctor Cruz", "Estudiante", "25279710", "23576753@outlook.com");
INSERT INTO contiene(ID_Grupo, RUT) values(3, 23576753);
INSERT INTO usuario(RUT, Nombre, Perfil, Contraseña, Email) values(23110777, "Ricardo García", "Estudiante", "15048115", "23110777@outlook.com");
INSERT INTO contiene(ID_Grupo, RUT) values(3, 23110777);
INSERT INTO usuario(RUT, Nombre, Perfil, Contraseña, Email) values(23315361, "Samuel González", "Estudiante", "56464884", "23315361@outlook.com");
INSERT INTO contiene(ID_Grupo, RUT) values(3, 23315361);
INSERT INTO usuario(RUT, Nombre, Perfil, Contraseña, Email) values(23579122, "Karla Ortiz", "Estudiante", "67587897", "23579122@outlook.com");
INSERT INTO contiene(ID_Grupo, RUT) values(3, 23579122);
INSERT INTO usuario(RUT, Nombre, Perfil, Contraseña, Email) values(23478065, "Alberto Díaz", "Estudiante", "76753032", "23478065@outlook.com");
INSERT INTO contiene(ID_Grupo, RUT) values(3, 23478065);
INSERT INTO usuario(RUT, Nombre, Perfil, Contraseña, Email) values(23765379, "Alberto Rivera", "Estudiante", "68767181", "23765379@outlook.com");
INSERT INTO contiene(ID_Grupo, RUT) values(3, 23765379);
INSERT INTO usuario(RUT, Nombre, Perfil, Contraseña, Email) values(23287017, "Isidora Rodríguez", "Estudiante", "47410109", "23287017@outlook.com");
INSERT INTO contiene(ID_Grupo, RUT) values(3, 23287017);
INSERT INTO usuario(RUT, Nombre, Perfil, Contraseña, Email) values(23948809, "Bárbara Pérez", "Estudiante", "14305376", "23948809@outlook.com");
INSERT INTO contiene(ID_Grupo, RUT) values(3, 23948809);
INSERT INTO usuario(RUT, Nombre, Perfil, Contraseña, Email) values(23584475, "Mateo Pérez", "Estudiante", "74520399", "23584475@outlook.com");
INSERT INTO contiene(ID_Grupo, RUT) values(3, 23584475);
INSERT INTO usuario(RUT, Nombre, Perfil, Contraseña, Email) values(23293265, "Mariana Rodríguez", "Estudiante", "91004364", "23293265@outlook.com");
INSERT INTO contiene(ID_Grupo, RUT) values(3, 23293265);
INSERT INTO usuario(RUT, Nombre, Perfil, Contraseña, Email) values(23898509, "Isidora González", "Estudiante", "55833469", "23898509@outlook.com");
INSERT INTO contiene(ID_Grupo, RUT) values(3, 23898509);
INSERT INTO usuario(RUT, Nombre, Perfil, Contraseña, Email) values(23173029, "Sonia Martínez", "Estudiante", "68940975", "23173029@outlook.com");
INSERT INTO contiene(ID_Grupo, RUT) values(3, 23173029);
INSERT INTO usuario(RUT, Nombre, Perfil, Contraseña, Email) values(23155980, "Rafael García", "Estudiante", "57288755", "23155980@outlook.com");
INSERT INTO contiene(ID_Grupo, RUT) values(3, 23155980);
INSERT INTO usuario(RUT, Nombre, Perfil, Contraseña, Email) values(23006877, "Bárbara Díaz", "Estudiante", "11291428", "23006877@outlook.com");
INSERT INTO contiene(ID_Grupo, RUT) values(3, 23006877);
INSERT INTO usuario(RUT, Nombre, Perfil, Contraseña, Email) values(23202079, "Bárbara Flores", "Estudiante", "73623870", "23202079@outlook.com");
INSERT INTO contiene(ID_Grupo, RUT) values(3, 23202079);
INSERT INTO usuario(RUT, Nombre, Perfil, Contraseña, Email) values(23245176, "Luz Rodríguez", "Estudiante", "81121377", "23245176@outlook.com");
INSERT INTO contiene(ID_Grupo, RUT) values(3, 23245176);
INSERT INTO usuario(RUT, Nombre, Perfil, Contraseña, Email) values(23762393, "Samuel Ortiz", "Estudiante", "40727973", "23762393@outlook.com");
INSERT INTO contiene(ID_Grupo, RUT) values(3, 23762393);
INSERT INTO usuario(RUT, Nombre, Perfil, Contraseña, Email) values(23336796, "Abril Reyes", "Estudiante", "64760366", "23336796@outlook.com");
INSERT INTO contiene(ID_Grupo, RUT) values(3, 23336796);
INSERT INTO usuario(RUT, Nombre, Perfil, Contraseña, Email) values(10559512, "Juan Morales", "Docente", "61737798", "10559512@outlook.com");
INSERT INTO contiene(ID_Grupo, RUT) values(3, 10559512);
INSERT INTO grupo(ID_Grupo, Nombre) values(4, "grupo 4");
INSERT INTO usuario(RUT, Nombre, Perfil, Contraseña, Email) values(23893881, "Isidora Gutiérrez", "Estudiante", "83895857", "23893881@outlook.com");
INSERT INTO contiene(ID_Grupo, RUT) values(4, 23893881);
INSERT INTO usuario(RUT, Nombre, Perfil, Contraseña, Email) values(23981437, "Alberto Torres", "Estudiante", "61798073", "23981437@outlook.com");
INSERT INTO contiene(ID_Grupo, RUT) values(4, 23981437);
INSERT INTO usuario(RUT, Nombre, Perfil, Contraseña, Email) values(23319174, "Samuel Rivera", "Estudiante", "11884280", "23319174@outlook.com");
INSERT INTO contiene(ID_Grupo, RUT) values(4, 23319174);
INSERT INTO usuario(RUT, Nombre, Perfil, Contraseña, Email) values(23318867, "David Reyes", "Estudiante", "30291050", "23318867@outlook.com");
INSERT INTO contiene(ID_Grupo, RUT) values(4, 23318867);
INSERT INTO usuario(RUT, Nombre, Perfil, Contraseña, Email) values(23833949, "Rafael García", "Estudiante", "18494770", "23833949@outlook.com");
INSERT INTO contiene(ID_Grupo, RUT) values(4, 23833949);
INSERT INTO usuario(RUT, Nombre, Perfil, Contraseña, Email) values(23665088, "Ricardo Martínez", "Estudiante", "60118856", "23665088@outlook.com");
INSERT INTO contiene(ID_Grupo, RUT) values(4, 23665088);
INSERT INTO usuario(RUT, Nombre, Perfil, Contraseña, Email) values(23751666, "Isidora Díaz", "Estudiante", "38268562", "23751666@outlook.com");
INSERT INTO contiene(ID_Grupo, RUT) values(4, 23751666);
INSERT INTO usuario(RUT, Nombre, Perfil, Contraseña, Email) values(23595618, "Abril Gutiérrez", "Estudiante", "44215111", "23595618@outlook.com");
INSERT INTO contiene(ID_Grupo, RUT) values(4, 23595618);
INSERT INTO usuario(RUT, Nombre, Perfil, Contraseña, Email) values(23130165, "Bárbara García", "Estudiante", "23466151", "23130165@outlook.com");
INSERT INTO contiene(ID_Grupo, RUT) values(4, 23130165);
INSERT INTO usuario(RUT, Nombre, Perfil, Contraseña, Email) values(23684985, "Samuel Flores", "Estudiante", "75831462", "23684985@outlook.com");
INSERT INTO contiene(ID_Grupo, RUT) values(4, 23684985);
INSERT INTO usuario(RUT, Nombre, Perfil, Contraseña, Email) values(23005718, "Abril Gutiérrez", "Estudiante", "34857849", "23005718@outlook.com");
INSERT INTO contiene(ID_Grupo, RUT) values(4, 23005718);
INSERT INTO usuario(RUT, Nombre, Perfil, Contraseña, Email) values(23828541, "Rafael Gutiérrez", "Estudiante", "85976990", "23828541@outlook.com");
INSERT INTO contiene(ID_Grupo, RUT) values(4, 23828541);
INSERT INTO usuario(RUT, Nombre, Perfil, Contraseña, Email) values(23202289, "Sonia López", "Estudiante", "76341370", "23202289@outlook.com");
INSERT INTO contiene(ID_Grupo, RUT) values(4, 23202289);
INSERT INTO usuario(RUT, Nombre, Perfil, Contraseña, Email) values(23253666, "Ricardo Gutiérrez", "Estudiante", "22512405", "23253666@outlook.com");
INSERT INTO contiene(ID_Grupo, RUT) values(4, 23253666);
INSERT INTO usuario(RUT, Nombre, Perfil, Contraseña, Email) values(23403574, "Lucas Reyes", "Estudiante", "96871070", "23403574@outlook.com");
INSERT INTO contiene(ID_Grupo, RUT) values(4, 23403574);
INSERT INTO usuario(RUT, Nombre, Perfil, Contraseña, Email) values(23929616, "Víctor Gutiérrez", "Estudiante", "37745099", "23929616@outlook.com");
INSERT INTO contiene(ID_Grupo, RUT) values(4, 23929616);
INSERT INTO usuario(RUT, Nombre, Perfil, Contraseña, Email) values(23760229, "Ricardo Rodríguez", "Estudiante", "47602544", "23760229@outlook.com");
INSERT INTO contiene(ID_Grupo, RUT) values(4, 23760229);
INSERT INTO usuario(RUT, Nombre, Perfil, Contraseña, Email) values(23456353, "Fabián Ortiz", "Estudiante", "34888305", "23456353@outlook.com");
INSERT INTO contiene(ID_Grupo, RUT) values(4, 23456353);
INSERT INTO usuario(RUT, Nombre, Perfil, Contraseña, Email) values(12693030, "Alberto Torres", "Docente", "97855748", "12693030@outlook.com");
INSERT INTO contiene(ID_Grupo, RUT) values(4, 12693030);
INSERT INTO grupo(ID_Grupo, Nombre) values(5, "grupo 5");
INSERT INTO usuario(RUT, Nombre, Perfil, Contraseña, Email) values(23462666, "Camila Torres", "Estudiante", "92206979", "23462666@outlook.com");
INSERT INTO contiene(ID_Grupo, RUT) values(5, 23462666);
INSERT INTO usuario(RUT, Nombre, Perfil, Contraseña, Email) values(23573747, "David Ortiz", "Estudiante", "22724412", "23573747@outlook.com");
INSERT INTO contiene(ID_Grupo, RUT) values(5, 23573747);
INSERT INTO usuario(RUT, Nombre, Perfil, Contraseña, Email) values(23323922, "Mariana Díaz", "Estudiante", "38545304", "23323922@outlook.com");
INSERT INTO contiene(ID_Grupo, RUT) values(5, 23323922);
INSERT INTO usuario(RUT, Nombre, Perfil, Contraseña, Email) values(23756125, "Mariana Flores", "Estudiante", "92933837", "23756125@outlook.com");
INSERT INTO contiene(ID_Grupo, RUT) values(5, 23756125);
INSERT INTO usuario(RUT, Nombre, Perfil, Contraseña, Email) values(23066072, "Ricardo Cruz", "Estudiante", "34570505", "23066072@outlook.com");
INSERT INTO contiene(ID_Grupo, RUT) values(5, 23066072);
INSERT INTO usuario(RUT, Nombre, Perfil, Contraseña, Email) values(23942723, "Juan Cruz", "Estudiante", "38990051", "23942723@outlook.com");
INSERT INTO contiene(ID_Grupo, RUT) values(5, 23942723);
INSERT INTO usuario(RUT, Nombre, Perfil, Contraseña, Email) values(23933529, "Valentina López", "Estudiante", "41411960", "23933529@outlook.com");
INSERT INTO contiene(ID_Grupo, RUT) values(5, 23933529);
INSERT INTO usuario(RUT, Nombre, Perfil, Contraseña, Email) values(23808430, "Samuel Morales", "Estudiante", "40374072", "23808430@outlook.com");
INSERT INTO contiene(ID_Grupo, RUT) values(5, 23808430);
INSERT INTO usuario(RUT, Nombre, Perfil, Contraseña, Email) values(23403575, "Karla Gutiérrez", "Estudiante", "86293583", "23403575@outlook.com");
INSERT INTO contiene(ID_Grupo, RUT) values(5, 23403575);
INSERT INTO usuario(RUT, Nombre, Perfil, Contraseña, Email) values(23693088, "Juan Reyes", "Estudiante", "26977990", "23693088@outlook.com");
INSERT INTO contiene(ID_Grupo, RUT) values(5, 23693088);
INSERT INTO usuario(RUT, Nombre, Perfil, Contraseña, Email) values(23321839, "David Flores", "Estudiante", "78085265", "23321839@outlook.com");
INSERT INTO contiene(ID_Grupo, RUT) values(5, 23321839);
INSERT INTO usuario(RUT, Nombre, Perfil, Contraseña, Email) values(23714933, "Bárbara Rivera", "Estudiante", "19475552", "23714933@outlook.com");
INSERT INTO contiene(ID_Grupo, RUT) values(5, 23714933);
INSERT INTO usuario(RUT, Nombre, Perfil, Contraseña, Email) values(23178733, "Lucas Pérez", "Estudiante", "50510169", "23178733@outlook.com");
INSERT INTO contiene(ID_Grupo, RUT) values(5, 23178733);
INSERT INTO usuario(RUT, Nombre, Perfil, Contraseña, Email) values(23058783, "Mateo Reyes", "Estudiante", "53949742", "23058783@outlook.com");
INSERT INTO contiene(ID_Grupo, RUT) values(5, 23058783);
INSERT INTO usuario(RUT, Nombre, Perfil, Contraseña, Email) values(23295830, "Luz Ramírez", "Estudiante", "19382835", "23295830@outlook.com");
INSERT INTO contiene(ID_Grupo, RUT) values(5, 23295830);
INSERT INTO usuario(RUT, Nombre, Perfil, Contraseña, Email) values(23506823, "Isidora Gutiérrez", "Estudiante", "74900315", "23506823@outlook.com");
INSERT INTO contiene(ID_Grupo, RUT) values(5, 23506823);
INSERT INTO usuario(RUT, Nombre, Perfil, Contraseña, Email) values(23864672, "Mariana Torres", "Estudiante", "83810539", "23864672@outlook.com");
INSERT INTO contiene(ID_Grupo, RUT) values(5, 23864672);
INSERT INTO usuario(RUT, Nombre, Perfil, Contraseña, Email) values(23292559, "David Hernández", "Estudiante", "27670126", "23292559@outlook.com");
INSERT INTO contiene(ID_Grupo, RUT) values(5, 23292559);
INSERT INTO usuario(RUT, Nombre, Perfil, Contraseña, Email) values(13273271, "Isidora Rodríguez", "Docente", "58995149", "13273271@outlook.com");
INSERT INTO contiene(ID_Grupo, RUT) values(5, 13273271);
