INSERT INTO grupo(ID_Grupo, Nombre) values(1, "grupo 1");
INSERT INTO usuario(RUT, Nombre, Perfil, Contraseña, Email) values(238099660, "Ricardo Flores", "Estudiante", "88792397", "238099660@outlook.com");
INSERT INTO contiene(ID_Grupo, RUT) values(1, 238099660);
INSERT INTO usuario(RUT, Nombre, Perfil, Contraseña, Email) values(231806756, "Lucas Flores", "Estudiante", "69590805", "231806756@outlook.com");
INSERT INTO contiene(ID_Grupo, RUT) values(1, 231806756);
INSERT INTO usuario(RUT, Nombre, Perfil, Contraseña, Email) values(239136976, "Isidora González", "Estudiante", "25071978", "239136976@outlook.com");
INSERT INTO contiene(ID_Grupo, RUT) values(1, 239136976);
INSERT INTO usuario(RUT, Nombre, Perfil, Contraseña, Email) values(238541580, "Samuel López", "Estudiante", "25155522", "238541580@outlook.com");
INSERT INTO contiene(ID_Grupo, RUT) values(1, 238541580);
INSERT INTO usuario(RUT, Nombre, Perfil, Contraseña, Email) values(230799890, "Isidora García", "Estudiante", "55465305", "230799890@outlook.com");
INSERT INTO contiene(ID_Grupo, RUT) values(1, 230799890);
INSERT INTO usuario(RUT, Nombre, Perfil, Contraseña, Email) values(233104539, "Ricardo Cruz", "Estudiante", "16928219", "233104539@outlook.com");
INSERT INTO contiene(ID_Grupo, RUT) values(1, 233104539);
INSERT INTO usuario(RUT, Nombre, Perfil, Contraseña, Email) values(234807083, "Juan Hernández", "Estudiante", "93213180", "234807083@outlook.com");
INSERT INTO contiene(ID_Grupo, RUT) values(1, 234807083);
INSERT INTO usuario(RUT, Nombre, Perfil, Contraseña, Email) values(233495215, "Juan López", "Estudiante", "33233108", "233495215@outlook.com");
INSERT INTO contiene(ID_Grupo, RUT) values(1, 233495215);
INSERT INTO usuario(RUT, Nombre, Perfil, Contraseña, Email) values(231306853, "Luz Ortiz", "Estudiante", "12208806", "231306853@outlook.com");
INSERT INTO contiene(ID_Grupo, RUT) values(1, 231306853);
INSERT INTO usuario(RUT, Nombre, Perfil, Contraseña, Email) values(232728992, "Lucas Morales", "Estudiante", "50381025", "232728992@outlook.com");
INSERT INTO contiene(ID_Grupo, RUT) values(1, 232728992);
INSERT INTO usuario(RUT, Nombre, Perfil, Contraseña, Email) values(235066616, "Sonia Martínez", "Estudiante", "33605325", "235066616@outlook.com");
INSERT INTO contiene(ID_Grupo, RUT) values(1, 235066616);
INSERT INTO usuario(RUT, Nombre, Perfil, Contraseña, Email) values(233933004, "Sonia Ramírez", "Estudiante", "39812730", "233933004@outlook.com");
INSERT INTO contiene(ID_Grupo, RUT) values(1, 233933004);
INSERT INTO usuario(RUT, Nombre, Perfil, Contraseña, Email) values(232079044, "Abigail López", "Estudiante", "62114663", "232079044@outlook.com");
INSERT INTO contiene(ID_Grupo, RUT) values(1, 232079044);
INSERT INTO usuario(RUT, Nombre, Perfil, Contraseña, Email) values(230436155, "Abril López", "Estudiante", "23458222", "230436155@outlook.com");
INSERT INTO contiene(ID_Grupo, RUT) values(1, 230436155);
INSERT INTO usuario(RUT, Nombre, Perfil, Contraseña, Email) values(230529084, "Abigail Morales", "Estudiante", "80526369", "230529084@outlook.com");
INSERT INTO contiene(ID_Grupo, RUT) values(1, 230529084);
INSERT INTO usuario(RUT, Nombre, Perfil, Contraseña, Email) values(236979478, "Mateo Rodríguez", "Estudiante", "82817874", "236979478@outlook.com");
INSERT INTO contiene(ID_Grupo, RUT) values(1, 236979478);
INSERT INTO usuario(RUT, Nombre, Perfil, Contraseña, Email) values(236412891, "Alberto Hernández", "Estudiante", "42555425", "236412891@outlook.com");
INSERT INTO contiene(ID_Grupo, RUT) values(1, 236412891);
INSERT INTO usuario(RUT, Nombre, Perfil, Contraseña, Email) values(235120853, "Juan Morales", "Estudiante", "14689332", "235120853@outlook.com");
INSERT INTO contiene(ID_Grupo, RUT) values(1, 235120853);
INSERT INTO usuario(RUT, Nombre, Perfil, Contraseña, Email) values(234947605, "Valentina Gutiérrez", "Estudiante", "98275996", "234947605@outlook.com");
INSERT INTO contiene(ID_Grupo, RUT) values(1, 234947605);
INSERT INTO usuario(RUT, Nombre, Perfil, Contraseña, Email) values(236395702, "Abril López", "Estudiante", "77950683", "236395702@outlook.com");
INSERT INTO contiene(ID_Grupo, RUT) values(1, 236395702);
INSERT INTO usuario(RUT, Nombre, Perfil, Contraseña, Email) values(118409008, "Valentina Ramírez", "Docente", "54101621", "118409008@outlook.com");
INSERT INTO contiene(ID_Grupo, RUT) values(1, 118409008);
INSERT INTO grupo(ID_Grupo, Nombre) values(2, "grupo 2");
INSERT INTO usuario(RUT, Nombre, Perfil, Contraseña, Email) values(237713978, "Camila Hernández", "Estudiante", "85308326", "237713978@outlook.com");
INSERT INTO contiene(ID_Grupo, RUT) values(2, 237713978);
INSERT INTO usuario(RUT, Nombre, Perfil, Contraseña, Email) values(231604085, "Bárbara Gutiérrez", "Estudiante", "85425467", "231604085@outlook.com");
INSERT INTO contiene(ID_Grupo, RUT) values(2, 231604085);
INSERT INTO usuario(RUT, Nombre, Perfil, Contraseña, Email) values(236553930, "Rafael Sánchez", "Estudiante", "62756729", "236553930@outlook.com");
INSERT INTO contiene(ID_Grupo, RUT) values(2, 236553930);
INSERT INTO usuario(RUT, Nombre, Perfil, Contraseña, Email) values(239517280, "Samuel Torres", "Estudiante", "63630746", "239517280@outlook.com");
INSERT INTO contiene(ID_Grupo, RUT) values(2, 239517280);
INSERT INTO usuario(RUT, Nombre, Perfil, Contraseña, Email) values(232317051, "Alberto Gutiérrez", "Estudiante", "45164044", "232317051@outlook.com");
INSERT INTO contiene(ID_Grupo, RUT) values(2, 232317051);
INSERT INTO usuario(RUT, Nombre, Perfil, Contraseña, Email) values(230414184, "Lucas Gómez", "Estudiante", "26751125", "230414184@outlook.com");
INSERT INTO contiene(ID_Grupo, RUT) values(2, 230414184);
INSERT INTO usuario(RUT, Nombre, Perfil, Contraseña, Email) values(230084879, "Rafael Gómez", "Estudiante", "10769066", "230084879@outlook.com");
INSERT INTO contiene(ID_Grupo, RUT) values(2, 230084879);
INSERT INTO usuario(RUT, Nombre, Perfil, Contraseña, Email) values(233205779, "Karla Torres", "Estudiante", "60261346", "233205779@outlook.com");
INSERT INTO contiene(ID_Grupo, RUT) values(2, 233205779);
INSERT INTO usuario(RUT, Nombre, Perfil, Contraseña, Email) values(234588936, "Víctor Flores", "Estudiante", "82572611", "234588936@outlook.com");
INSERT INTO contiene(ID_Grupo, RUT) values(2, 234588936);
INSERT INTO usuario(RUT, Nombre, Perfil, Contraseña, Email) values(239633364, "Isidora Pérez", "Estudiante", "25430618", "239633364@outlook.com");
INSERT INTO contiene(ID_Grupo, RUT) values(2, 239633364);
INSERT INTO usuario(RUT, Nombre, Perfil, Contraseña, Email) values(237564413, "Sonia Cruz", "Estudiante", "64077210", "237564413@outlook.com");
INSERT INTO contiene(ID_Grupo, RUT) values(2, 237564413);
INSERT INTO usuario(RUT, Nombre, Perfil, Contraseña, Email) values(234408165, "Ricardo Flores", "Estudiante", "39056995", "234408165@outlook.com");
INSERT INTO contiene(ID_Grupo, RUT) values(2, 234408165);
INSERT INTO usuario(RUT, Nombre, Perfil, Contraseña, Email) values(237918721, "Luz Gutiérrez", "Estudiante", "48366217", "237918721@outlook.com");
INSERT INTO contiene(ID_Grupo, RUT) values(2, 237918721);
INSERT INTO usuario(RUT, Nombre, Perfil, Contraseña, Email) values(233848404, "Mariana Pérez", "Estudiante", "18140146", "233848404@outlook.com");
INSERT INTO contiene(ID_Grupo, RUT) values(2, 233848404);
INSERT INTO usuario(RUT, Nombre, Perfil, Contraseña, Email) values(237977384, "David Torres", "Estudiante", "49633879", "237977384@outlook.com");
INSERT INTO contiene(ID_Grupo, RUT) values(2, 237977384);
INSERT INTO usuario(RUT, Nombre, Perfil, Contraseña, Email) values(230065342, "Valentina García", "Estudiante", "29054899", "230065342@outlook.com");
INSERT INTO contiene(ID_Grupo, RUT) values(2, 230065342);
INSERT INTO usuario(RUT, Nombre, Perfil, Contraseña, Email) values(230941616, "Valentina Cruz", "Estudiante", "56188182", "230941616@outlook.com");
INSERT INTO contiene(ID_Grupo, RUT) values(2, 230941616);
INSERT INTO usuario(RUT, Nombre, Perfil, Contraseña, Email) values(230461292, "Abigail García", "Estudiante", "19648892", "230461292@outlook.com");
INSERT INTO contiene(ID_Grupo, RUT) values(2, 230461292);
INSERT INTO usuario(RUT, Nombre, Perfil, Contraseña, Email) values(231718068, "Abril Pérez", "Estudiante", "78593344", "231718068@outlook.com");
INSERT INTO contiene(ID_Grupo, RUT) values(2, 231718068);
INSERT INTO usuario(RUT, Nombre, Perfil, Contraseña, Email) values(238120378, "Luz Ramírez", "Estudiante", "43993011", "238120378@outlook.com");
INSERT INTO contiene(ID_Grupo, RUT) values(2, 238120378);
INSERT INTO usuario(RUT, Nombre, Perfil, Contraseña, Email) values(100554668, "David Rivera", "Docente", "26559198", "100554668@outlook.com");
INSERT INTO contiene(ID_Grupo, RUT) values(2, 100554668);
INSERT INTO grupo(ID_Grupo, Nombre) values(3, "grupo 3");
INSERT INTO usuario(RUT, Nombre, Perfil, Contraseña, Email) values(238004728, "Isidora Reyes", "Estudiante", "52885906", "238004728@outlook.com");
INSERT INTO contiene(ID_Grupo, RUT) values(3, 238004728);
INSERT INTO usuario(RUT, Nombre, Perfil, Contraseña, Email) values(238957998, "Luz Gómez", "Estudiante", "61382216", "238957998@outlook.com");
INSERT INTO contiene(ID_Grupo, RUT) values(3, 238957998);
INSERT INTO usuario(RUT, Nombre, Perfil, Contraseña, Email) values(231455214, "Samuel Torres", "Estudiante", "14515074", "231455214@outlook.com");
INSERT INTO contiene(ID_Grupo, RUT) values(3, 231455214);
INSERT INTO usuario(RUT, Nombre, Perfil, Contraseña, Email) values(230921061, "Lucas López", "Estudiante", "90857582", "230921061@outlook.com");
INSERT INTO contiene(ID_Grupo, RUT) values(3, 230921061);
INSERT INTO usuario(RUT, Nombre, Perfil, Contraseña, Email) values(235528614, "Bárbara Díaz", "Estudiante", "76695772", "235528614@outlook.com");
INSERT INTO contiene(ID_Grupo, RUT) values(3, 235528614);
INSERT INTO usuario(RUT, Nombre, Perfil, Contraseña, Email) values(233613415, "Bárbara Torres", "Estudiante", "92831230", "233613415@outlook.com");
INSERT INTO contiene(ID_Grupo, RUT) values(3, 233613415);
INSERT INTO usuario(RUT, Nombre, Perfil, Contraseña, Email) values(234714424, "Camila Gutiérrez", "Estudiante", "34283776", "234714424@outlook.com");
INSERT INTO contiene(ID_Grupo, RUT) values(3, 234714424);
INSERT INTO usuario(RUT, Nombre, Perfil, Contraseña, Email) values(232295190, "Ricardo Rivera", "Estudiante", "72814555", "232295190@outlook.com");
INSERT INTO contiene(ID_Grupo, RUT) values(3, 232295190);
INSERT INTO usuario(RUT, Nombre, Perfil, Contraseña, Email) values(233197319, "Isidora Pérez", "Estudiante", "51377366", "233197319@outlook.com");
INSERT INTO contiene(ID_Grupo, RUT) values(3, 233197319);
INSERT INTO usuario(RUT, Nombre, Perfil, Contraseña, Email) values(239692254, "Samuel Cruz", "Estudiante", "36566506", "239692254@outlook.com");
INSERT INTO contiene(ID_Grupo, RUT) values(3, 239692254);
INSERT INTO usuario(RUT, Nombre, Perfil, Contraseña, Email) values(239396249, "Rafael Martínez", "Estudiante", "47978856", "239396249@outlook.com");
INSERT INTO contiene(ID_Grupo, RUT) values(3, 239396249);
INSERT INTO usuario(RUT, Nombre, Perfil, Contraseña, Email) values(239044143, "Víctor Rivera", "Estudiante", "94389708", "239044143@outlook.com");
INSERT INTO contiene(ID_Grupo, RUT) values(3, 239044143);
INSERT INTO usuario(RUT, Nombre, Perfil, Contraseña, Email) values(232591807, "Víctor Gómez", "Estudiante", "69720663", "232591807@outlook.com");
INSERT INTO contiene(ID_Grupo, RUT) values(3, 232591807);
INSERT INTO usuario(RUT, Nombre, Perfil, Contraseña, Email) values(230630041, "Samuel López", "Estudiante", "84350698", "230630041@outlook.com");
INSERT INTO contiene(ID_Grupo, RUT) values(3, 230630041);
INSERT INTO usuario(RUT, Nombre, Perfil, Contraseña, Email) values(230052431, "David Cruz", "Estudiante", "71975402", "230052431@outlook.com");
INSERT INTO contiene(ID_Grupo, RUT) values(3, 230052431);
INSERT INTO usuario(RUT, Nombre, Perfil, Contraseña, Email) values(231241566, "Abigail Gómez", "Estudiante", "67236310", "231241566@outlook.com");
INSERT INTO contiene(ID_Grupo, RUT) values(3, 231241566);
INSERT INTO usuario(RUT, Nombre, Perfil, Contraseña, Email) values(233775540, "Mateo Hernández", "Estudiante", "98877243", "233775540@outlook.com");
INSERT INTO contiene(ID_Grupo, RUT) values(3, 233775540);
INSERT INTO usuario(RUT, Nombre, Perfil, Contraseña, Email) values(114242541, "Mariana González", "Docente", "91384658", "114242541@outlook.com");
INSERT INTO contiene(ID_Grupo, RUT) values(3, 114242541);
INSERT INTO grupo(ID_Grupo, Nombre) values(4, "grupo 4");
INSERT INTO usuario(RUT, Nombre, Perfil, Contraseña, Email) values(233551821, "Luz Reyes", "Estudiante", "35765682", "233551821@outlook.com");
INSERT INTO contiene(ID_Grupo, RUT) values(4, 233551821);
INSERT INTO usuario(RUT, Nombre, Perfil, Contraseña, Email) values(238024063, "Juan Sánchez", "Estudiante", "12414632", "238024063@outlook.com");
INSERT INTO contiene(ID_Grupo, RUT) values(4, 238024063);
INSERT INTO usuario(RUT, Nombre, Perfil, Contraseña, Email) values(238244859, "Fabián Hernández", "Estudiante", "18544867", "238244859@outlook.com");
INSERT INTO contiene(ID_Grupo, RUT) values(4, 238244859);
INSERT INTO usuario(RUT, Nombre, Perfil, Contraseña, Email) values(232689485, "Fabián Ortiz", "Estudiante", "66570899", "232689485@outlook.com");
INSERT INTO contiene(ID_Grupo, RUT) values(4, 232689485);
INSERT INTO usuario(RUT, Nombre, Perfil, Contraseña, Email) values(231658329, "Valentina López", "Estudiante", "21845962", "231658329@outlook.com");
INSERT INTO contiene(ID_Grupo, RUT) values(4, 231658329);
INSERT INTO usuario(RUT, Nombre, Perfil, Contraseña, Email) values(235869159, "Alberto Cruz", "Estudiante", "92088468", "235869159@outlook.com");
INSERT INTO contiene(ID_Grupo, RUT) values(4, 235869159);
INSERT INTO usuario(RUT, Nombre, Perfil, Contraseña, Email) values(235994832, "Camila Hernández", "Estudiante", "20601575", "235994832@outlook.com");
INSERT INTO contiene(ID_Grupo, RUT) values(4, 235994832);
INSERT INTO usuario(RUT, Nombre, Perfil, Contraseña, Email) values(231523352, "Bárbara Hernández", "Estudiante", "10904219", "231523352@outlook.com");
INSERT INTO contiene(ID_Grupo, RUT) values(4, 231523352);
INSERT INTO usuario(RUT, Nombre, Perfil, Contraseña, Email) values(238932446, "Sonia Rivera", "Estudiante", "43596971", "238932446@outlook.com");
INSERT INTO contiene(ID_Grupo, RUT) values(4, 238932446);
INSERT INTO usuario(RUT, Nombre, Perfil, Contraseña, Email) values(239673016, "Samuel Pérez", "Estudiante", "66897588", "239673016@outlook.com");
INSERT INTO contiene(ID_Grupo, RUT) values(4, 239673016);
INSERT INTO usuario(RUT, Nombre, Perfil, Contraseña, Email) values(233413020, "Ricardo González", "Estudiante", "55190236", "233413020@outlook.com");
INSERT INTO contiene(ID_Grupo, RUT) values(4, 233413020);
INSERT INTO usuario(RUT, Nombre, Perfil, Contraseña, Email) values(232476017, "Abril Hernández", "Estudiante", "60767092", "232476017@outlook.com");
INSERT INTO contiene(ID_Grupo, RUT) values(4, 232476017);
INSERT INTO usuario(RUT, Nombre, Perfil, Contraseña, Email) values(238309528, "David Sánchez", "Estudiante", "80621155", "238309528@outlook.com");
INSERT INTO contiene(ID_Grupo, RUT) values(4, 238309528);
INSERT INTO usuario(RUT, Nombre, Perfil, Contraseña, Email) values(231201158, "Rafael Gómez", "Estudiante", "17275618", "231201158@outlook.com");
INSERT INTO contiene(ID_Grupo, RUT) values(4, 231201158);
INSERT INTO usuario(RUT, Nombre, Perfil, Contraseña, Email) values(232587108, "Isidora Ortiz", "Estudiante", "99356920", "232587108@outlook.com");
INSERT INTO contiene(ID_Grupo, RUT) values(4, 232587108);
INSERT INTO usuario(RUT, Nombre, Perfil, Contraseña, Email) values(234527176, "Sonia Pérez", "Estudiante", "32608348", "234527176@outlook.com");
INSERT INTO contiene(ID_Grupo, RUT) values(4, 234527176);
INSERT INTO usuario(RUT, Nombre, Perfil, Contraseña, Email) values(102194671, "Valentina Ortiz", "Docente", "71815338", "102194671@outlook.com");
INSERT INTO contiene(ID_Grupo, RUT) values(4, 102194671);
INSERT INTO grupo(ID_Grupo, Nombre) values(5, "grupo 5");
INSERT INTO usuario(RUT, Nombre, Perfil, Contraseña, Email) values(233411755, "Karla Morales", "Estudiante", "82629773", "233411755@outlook.com");
INSERT INTO contiene(ID_Grupo, RUT) values(5, 233411755);
INSERT INTO usuario(RUT, Nombre, Perfil, Contraseña, Email) values(236673463, "Lucas Torres", "Estudiante", "10880044", "236673463@outlook.com");
INSERT INTO contiene(ID_Grupo, RUT) values(5, 236673463);
INSERT INTO usuario(RUT, Nombre, Perfil, Contraseña, Email) values(238350096, "Bárbara Morales", "Estudiante", "52165359", "238350096@outlook.com");
INSERT INTO contiene(ID_Grupo, RUT) values(5, 238350096);
INSERT INTO usuario(RUT, Nombre, Perfil, Contraseña, Email) values(233889360, "Ricardo Díaz", "Estudiante", "14838947", "233889360@outlook.com");
INSERT INTO contiene(ID_Grupo, RUT) values(5, 233889360);
INSERT INTO usuario(RUT, Nombre, Perfil, Contraseña, Email) values(236865640, "Abril Flores", "Estudiante", "80912412", "236865640@outlook.com");
INSERT INTO contiene(ID_Grupo, RUT) values(5, 236865640);
INSERT INTO usuario(RUT, Nombre, Perfil, Contraseña, Email) values(230391763, "Karla Ortiz", "Estudiante", "32790115", "230391763@outlook.com");
INSERT INTO contiene(ID_Grupo, RUT) values(5, 230391763);
INSERT INTO usuario(RUT, Nombre, Perfil, Contraseña, Email) values(231718509, "Lucas González", "Estudiante", "84829595", "231718509@outlook.com");
INSERT INTO contiene(ID_Grupo, RUT) values(5, 231718509);
INSERT INTO usuario(RUT, Nombre, Perfil, Contraseña, Email) values(235288456, "Camila García", "Estudiante", "49039357", "235288456@outlook.com");
INSERT INTO contiene(ID_Grupo, RUT) values(5, 235288456);
INSERT INTO usuario(RUT, Nombre, Perfil, Contraseña, Email) values(230071549, "Isidora López", "Estudiante", "18476430", "230071549@outlook.com");
INSERT INTO contiene(ID_Grupo, RUT) values(5, 230071549);
INSERT INTO usuario(RUT, Nombre, Perfil, Contraseña, Email) values(238691124, "Karla Flores", "Estudiante", "31640385", "238691124@outlook.com");
INSERT INTO contiene(ID_Grupo, RUT) values(5, 238691124);
INSERT INTO usuario(RUT, Nombre, Perfil, Contraseña, Email) values(237700288, "Camila Rodríguez", "Estudiante", "32563876", "237700288@outlook.com");
INSERT INTO contiene(ID_Grupo, RUT) values(5, 237700288);
INSERT INTO usuario(RUT, Nombre, Perfil, Contraseña, Email) values(232423040, "Fabián Sánchez", "Estudiante", "81822370", "232423040@outlook.com");
INSERT INTO contiene(ID_Grupo, RUT) values(5, 232423040);
INSERT INTO usuario(RUT, Nombre, Perfil, Contraseña, Email) values(231684686, "Valentina García", "Estudiante", "97148763", "231684686@outlook.com");
INSERT INTO contiene(ID_Grupo, RUT) values(5, 231684686);
INSERT INTO usuario(RUT, Nombre, Perfil, Contraseña, Email) values(235718337, "Mateo Morales", "Estudiante", "71297027", "235718337@outlook.com");
INSERT INTO contiene(ID_Grupo, RUT) values(5, 235718337);
INSERT INTO usuario(RUT, Nombre, Perfil, Contraseña, Email) values(234101680, "Isidora Ortiz", "Estudiante", "87280441", "234101680@outlook.com");
INSERT INTO contiene(ID_Grupo, RUT) values(5, 234101680);
INSERT INTO usuario(RUT, Nombre, Perfil, Contraseña, Email) values(239237452, "Isidora Gutiérrez", "Estudiante", "20133576", "239237452@outlook.com");
INSERT INTO contiene(ID_Grupo, RUT) values(5, 239237452);
INSERT INTO usuario(RUT, Nombre, Perfil, Contraseña, Email) values(230321254, "Abril Ortiz", "Estudiante", "40863796", "230321254@outlook.com");
INSERT INTO contiene(ID_Grupo, RUT) values(5, 230321254);
INSERT INTO usuario(RUT, Nombre, Perfil, Contraseña, Email) values(136521652, "Alberto Sánchez", "Docente", "99699961", "136521652@outlook.com");
INSERT INTO contiene(ID_Grupo, RUT) values(5, 136521652);
